AAACACTA-CTTCGATT	71802
AAACTACA-CCACATTA	76590
AACTGCCT-GCAAGGAC	106100
AAGAAGGT-TCTGTGGT	74449
AAGCCTTC-TAAATAGG	105540
AATAAGGA-CCACATTA	35645
AATCGAAG-CCCAAGCA	68099
AATCGTTC-CCCTAACC	84804
ACCCTCAA-CTGCGTTG	66194
ACCTGAAG-GAGCGGTA	57162
ACTAATTG-CTTTAATC	63990
ACTAGAGC-TCGACACC	82100
AGAAACCA-ATACTCTT	56283
AGCTCCAC-CCTGACAC	58527
AGGTAAGC-TCCCAATC	82639
ATATGCAA-GGCGGTTT	68647
ATCAATCG-GTTGTCAT	72148
ATCGCGCT-AGAGGTGG	77010
CAACGCAG-CTCGCGTA	78838
CACAACCT-GGAGAAGC	51457
CCATGCAT-TTCCGCTC	68447
CCCGTTCT-AAAGCCTA	106986
CCGAGATC-ATGGGCAC	90386
CCGATACG-CAAGAGGG	131259
CCGGAAAT-GTTGTCAT	61199
CCTACGCT-AGCAGAAC	86060
CGTGTGTT-AGGAAGAC	124799
CGTTTCGT-GACAGATA	76444
CTAGCACG-AATCGGGT	90582
CTAGTAGG-TTGAGGGT	66021
CTCACATC-ACCCACGA	57006
CTCCTCCA-CGTATTTC	94587
CTCCTCCA-TGTACACG	58778
CTCTATAG-GCAAAGCC	82448
CTGTCGCA-TTTAACAG	111111
CTGTTAAA-AATGAATG	51878
CTGTTAAA-GACAGATA	93666
CTTAGGCC-AGAAGTCC	111183
CTTAGTGT-TCCAGGGA	57623
CTTCTACG-CTTCTTCG	67106
CTTTATCC-CTACCGTT	92126
GACACCTG-CTCAGAAT	49189
GACTAGCG-GAAGTGCC	91684
GAGAAACC-ACAGCGGA	50844
GAGTGTAC-ACGCAGAG	64944
GATTAAAG-ACTAGCCA	71098
GATTACTT-GAGAATTG	65073
GATTTCCC-ATGTTGGC	84194
GCAAACTG-CTTCAGGT	52167
GCCAACAT-CGTGGATA	38063
GCCTGGTA-CGCTCTCA	51643
GCGCTGAT-GACAAAGG	47118
GCGTGCAA-TCTGTGGT	66552
GGAACGAA-TTGCACGC	52399
GGCGACAA-TTCCGAGT	61851
GGCTTTGC-AACCCTTG	54214
GGCTTTGC-AGCGAAGT	70085
GGCTTTGC-TTAGGACC	92908
GGGATTAC-AAATGTCG	60698
GGTTGAGA-CTGTCTGG	101810
GGTTGAGA-GAGAGTAT	126962
GTAAGCCG-CGATTGAT	92347
GTAATCTG-CGCTAATA	79897
GTACGCTT-CCCAAGCA	77318
GTACGGAC-CAACAAAT	70943
GTCCACTA-CTTCTGGA	65666
GTCCACTA-GACAAAGG	59151
GTCCGTCA-ATACTCTT	74739
GTCTAATC-GGCCCTTA	77431
GTGAACTC-CAAGAGGG	118550
GTGAGGCA-CAGTTTGC	58023
GTGATAAA-CGCTCTCA	47077
GTGCCCAT-GTGTCGGA	61911
GTGGTGCT-GGAGAAGC	84629
GTTACTAG-AGAAGTTA	57592
GTTACTAG-CCCTTGGT	94832
GTTCTGCT-TGGCTACC	99905
TAATCCAT-CGGAATTT	64021
TACCGCTC-CCCATAGC	62870
TACGCGAG-TGTAGTTT	73071
TACGTTCG-TTGATCTA	80071
TAGGCTTT-CGGACAAC	110058
TAGTAGCC-TAGTGTTT	79818
TATTAGCG-CCCTAACC	52979
TCAGCCTC-TGCAAGGG	125515
TCCGACAC-GGGAGGTA	120160
TCGCAATC-CGAACGTA	113926
TCGGTCAT-AGCACCAC	104007
TCTAAACT-CTCTTGAC	70414
TCTTTGAC-CGCTCTCA	96402
TGAGAGCG-CCTATTCA	68229
TGAGAGCG-GAAGTGCC	87673
TGAGCACA-TGCTATTT	84576
TGCGACTA-CCGTGTTT	34262
TGCGACTA-TTCACATA	101690
TGCTTCAT-GCAGGGTA	128690
TGCTTGGG-CAACAAAT	69455
TGGACGGA-TTGTTTAC	118717
TGGGAATT-ATATAGGA	94737
TGTTATCA-ACGCAGAG	50886
