AAACACTA-ATCCCACG	25114
AAACACTA-CTTAGGTA	55337
AAACACTA-CTTCGATT	71802
AAACCGCC-GAGTTTCG	34607
AAACCGCC-TAGCCTCG	34005
AAACGATC-TTTACCCT	44760
AAACTACA-CCACATTA	76590
AAAGAGGC-ACCTTGCC	37290
AAAGTCAT-TTGAGGGT	41090
AAATTCCG-TTTATCAC	55103
AACAGAAC-TTTACCCT	48440
AACGATTT-ATTCAGTA	17616
AACGATTT-TCCAGGGA	20440
AACGCCAA-TAAGACGG	31935
AACGGTAG-CACGGACT	36098
AACGTTAC-ACCCACGA	31308
AACGTTAC-GCAGTCGA	32542
AACGTTAC-TCGGTTTA	32069
AACTGCCT-GAGAGTAT	46490
AACTGCCT-GCAAGGAC	106100
AACTGCCT-GGGTGTAT	36981
AACTGCCT-TTAGGACC	46537
AAGAAGGT-ATTCAGTA	35082
AAGAAGGT-TCTGTGGT	74449
AAGAGTAT-CCCTAACC	19980
AAGCCTTC-TAAATAGG	105540
AAGCCTTC-TCACGTTT	35768
AAGCTCCT-AGACACCA	19219
AAGGATGA-CTAGTAAC	37118
AAGGGACC-CAGGTGTC	17232
AAGTCCAA-AACCTGAC	25515
AAGTCGGG-ACGCTCAG	40803
AAGTCGGG-GGAAACAG	43518
AAGTGAGA-GAGGCTGA	35198
AATAAGGA-AACCTGAC	46885
AATAAGGA-CCACATTA	35645
AATATGAC-GTAATCCC	70585
AATCGAAG-CCCAAGCA	68099
AATCGTTC-CCCTAACC	84804
AATGTATG-ATACTCTT	22849
AATGTATG-CACAAGGC	39647
ACAAGTAG-GACAACTT	25590
ACAAGTAG-TAACCCGT	33824
ACAAGTAG-TCTGTGGT	50122
ACAGATAA-TGGTTTCT	34518
ACCAACCC-CACAACAG	24153
ACCAACCC-CCATTACT	44958
ACCAAGGG-GCACCTCT	24964
ACCACAGA-ATACCCAG	16729
ACCACAGA-CGATTGAT	44170
ACCAGTTT-GCGCATTC	51137
ACCCATGC-TGCCATCG	35893
ACCCGATT-GGGAACGA	20695
ACCCTCAA-CTGCGTTG	66194
ACCTGAAG-CCTACTAG	27112
ACCTGAAG-GAGCGGTA	57162
ACCTTCCC-ATACTCTT	22550
ACGGGTTA-CATCTCCC	35884
ACGTAAAC-AGAACGGG	57883
ACTAATTG-CTTTAATC	63990
ACTAATTG-TGACCAGT	22448
ACTACCCG-CGTACCTA	46677
ACTAGAGC-TCGACACC	82100
ACTGGTCA-AGTTTAGA	21175
ACTGGTCA-TGATAACA	68086
AGAAACCA-ATACTCTT	56283
AGAAACCA-GTGTCGGA	43811
AGAAGCTT-CGGAATTT	17115
AGAAGCTT-GATGTGAG	35374
AGAGAGAC-ATTGGGCC	22874
AGAGAGAC-GTATGAGT	40744
AGCACGTA-TTCGCTGG	21358
AGCATGCC-GGGAAATC	29285
AGCCATCT-GTGTCGGA	29281
AGCCATCT-TTTAACAG	22660
AGCGTGGT-CTTCGATT	21285
AGCTCCAC-CCTGACAC	58527
AGCTCCAC-GTCCATGT	20529
AGCTTCGA-AGATGGCT	26208
AGGCAATA-CTATAGAG	46286
AGGCAATA-GCAAAGCC	19289
AGGCGTTT-AGCACCAC	19696
AGGGACTG-CTAGACCC	16443
AGGGACTG-TCCGTCCA	16641
AGGGTAAA-GGGAAGGT	36331
AGGGTAAA-TGGCCTGT	19563
AGGTAAGC-TCATGAGG	64063
AGGTAAGC-TCCCAATC	82639
AGGTATAT-CTTACGGG	72230
AGGTATAT-TACTTGTG	18234
AGGTTCCC-GCCTCTTT	30683
AGGTTCCC-GTGTCGGA	52288
AGTAATGG-ATACCCAG	19476
AGTAATGG-TGTGCTCA	34012
AGTAGTTA-AGAACGGG	30513
AGTCACAA-AACAATCC	37882
AGTCCGTG-TATTGCCT	28880
AGTGCTTC-GGAATAGA	62298
AGTTGAAC-CTTCGCAC	48346
ATAACAGG-GGATAAAG	30443
ATAACAGG-TAACCATC	36109
ATACACCC-GCATGGGT	36415
ATAGATGT-ATCCGCTA	32058
ATAGATGT-CTGTCTGG	32602
ATATGCAA-GGCCCTTA	36130
ATATGCAA-GGCGGTTT	68647
ATCAATCG-ATTCGACG	51578
ATCAATCG-GTTGTCAT	72148
ATCCCACC-CCCATAGC	19193
ATCCTAGT-TCGAAGCT	18206
ATCGCGCT-ACAGCGGA	42854
ATCGCGCT-AGAGGTGG	77010
ATCGCGCT-CACAGTTT	20832
ATCGCGCT-TCCCAATC	22674
ATCTTGGC-TCCTTATT	49875
ATGACAAC-AAAGTCGG	26934
ATGACTTG-TGCAAGGG	46615
ATGCGGAG-AACCCTTG	59676
ATGCGGAG-GATTTACC	24530
ATGGTCTG-TTTACCCT	17944
ATGTGCCG-CCGCAACT	22261
ATGTGCCG-GGTCACAG	19723
ATTACCTT-CGTAGAAG	37002
ATTACCTT-TTGCATAT	17225
ATTCTGAG-GAGCGGTA	29673
ATTCTGAG-TAACCCGT	23435
ATTGAAGT-ACGTATAC	21000
ATTGGCCC-AACAATCC	25052
ATTTGTTG-CTTTAATC	25550
CAAACATT-CTCAGAAT	46601
CAAACATT-GGGAGGTA	29859
CAACGCAG-CTCGCGTA	78838
CAACGCAG-TGATGCCC	45158
CAAGGAAT-TTATAGCC	45907
CAAGGGTT-ACCCACGA	36182
CAAGGGTT-CAGACCAT	23013
CAAGGTAC-CAGTTTGC	38590
CAATTCTC-ACGCCATT	47297
CAATTCTC-GTTCTGTT	23513
CAATTCTC-TGATAACA	30638
CACAACCT-GGAGAAGC	51457
CACTAACC-AGTGAAAG	26475
CAGATGGG-TGTCTTTC	35811
CAGGTTGC-ATATACCT	80098
CAGTTTAA-TAGTGGAC	35636
CATGCTGC-TTTATCAC	41229
CCACGTTG-TGGAGGAG	53182
CCATATGA-TGGCTACC	27746
CCATGCAT-CAGTTTGC	19104
CCATGCAT-GCGCATTC	34619
CCATGCAT-TTCCGCTC	68447
CCCGTTCT-AAAGCCTA	106986
CCCTCTTG-CTTACGGG	35705
CCCTGTTT-TGGTATGA	26192
CCCTTGCA-AGCAGAAC	19522
CCGACTTT-GGCCTAAG	44341
CCGAGATC-ATGGGCAC	90386
CCGAGATC-GGAAACAG	39507
CCGATACG-CAAGAGGG	131259
CCGATACG-CTCGATGC	32899
CCGGAAAT-AACCTGAC	45759
CCGGAAAT-ATCAGCGC	45539
CCGGAAAT-GTTGTCAT	61199
CCGGAAAT-TACCGGCA	42041
CCGGAAAT-TCGACGGT	32052
CCGTAGCT-ACGCCATT	28797
CCGTAGCT-CGTATTTC	26505
CCGTAGCT-TTATCTGT	18770
CCGTCTTA-GTTGTCAT	47678
CCTACGCT-ACTCACCG	27020
CCTACGCT-AGCAGAAC	86060
CCTACGCT-CCTCGTCT	39698
CCTACGCT-TTCCGCTC	19226
CCTATTTA-ACGCAGAG	21322
CCTATTTA-GCAGTCGA	21831
CCTATTTA-GCGTTGCT	32009
CCTATTTA-GGGAAATC	37177
CCTATTTA-TGCAAGGG	40538
CCTCATGA-CTTCGCAC	27712
CGACATTT-CGTGGATA	19397
CGAGGCTA-CACAAGGC	23068
CGATGGCA-TCCCGTAG	34281
CGGACTAA-GTCCGTAC	32616
CGGCTGTA-GCCGGATT	33656
CGTCGAAT-CGGACAAC	36989
CGTCGAAT-GAGTTTCG	23430
CGTGTACA-CCGTGTTT	44718
CGTGTACA-CGTACCTA	55258
CGTGTACA-GCAACCTG	22353
CGTGTGTT-AGACACCA	28960
CGTGTGTT-AGGAAGAC	124799
CGTGTGTT-CTCTTGAC	20991
CGTTGCCT-CGTGGATA	28778
CGTTGCCT-CTTCTTCG	25195
CGTTTCGT-GACAGATA	76444
CGTTTCGT-GAGAGTAT	17047
CTAACGCC-TAGCCTCG	25287
CTAGCACG-AATCGGGT	90582
CTAGCACG-GGCCCTTA	19673
CTAGCACG-TCTGTGGT	32489
CTAGCACG-TTGGCGTT	17015
CTAGTAGG-TTGAGGGT	66021
CTAGTAGG-TTTGTGTC	24462
CTCAAACA-GTGGATGG	28490
CTCACATC-ACCCACGA	57006
CTCACATC-CCTCGTCT	39608
CTCCCAAA-ATGGGCAC	38777
CTCCTCCA-CGGGTAGT	41434
CTCCTCCA-CGTATTTC	94587
CTCCTCCA-CTTCGCAC	34595
CTCCTCCA-TGTACACG	58778
CTCTATAG-CTTCGCAC	24352
CTCTATAG-GCAAAGCC	82448
CTCTATAG-TGACGGAC	77322
CTGAAGGG-CCTACTAG	22280
CTGAAGGG-CGGCACAT	48593
CTGAGCGT-CGACGTCA	52383
CTGAGCGT-GGTCCCTT	30695
CTGGAACA-TGGTTTCT	19792
CTGTCGCA-AGTGATGC	38880
CTGTCGCA-CCTATTCA	42613
CTGTCGCA-TGATAACA	45364
CTGTCGCA-TTTAACAG	111111
CTGTTAAA-AATGAATG	51878
CTGTTAAA-GACAGATA	93666
CTTAGGCC-AGAAGTCC	111183
CTTAGGCC-CCTATTCA	40630
CTTAGTGT-GAGAGTAT	21082
CTTAGTGT-GTCGTCGT	31609
CTTAGTGT-TCCAGGGA	57623
CTTAGTGT-TTTAACAG	28440
CTTCTACG-CTTCTTCG	67106
CTTCTACG-GCAGGGTA	40250
CTTTATCC-AGGATTCA	30442
CTTTATCC-CGAACGTA	44165
CTTTATCC-CTACCGTT	92126
CTTTATCC-TCGGTTTA	18853
CTTTCACT-TGTAAAGG	26491
CTTTGGAC-AAACTGGT	20650
GAAAGACA-TTCCGCTC	35546
GAAATACG-AGCTATGA	19254
GAAATACG-CAGTCCCT	16291
GAATCCCA-TCCCAATC	15600
GAATGCGC-TGCGACAG	31309
GACACAAA-ACGCCATT	33591
GACACAAA-GCAGGGTA	42043
GACACCTG-CTCAGAAT	49189
GACTAGCG-GAAGTGCC	91684
GAGAAACC-ACAGCGGA	50844
GAGAAACC-GCAAGGAC	22114
GAGAAACC-TTGATTCT	19408
GAGCGGAA-GTAACGTT	50004
GAGGGTCA-ACGAAACG	35803
GAGGGTCA-GCAGTCGA	34797
GAGTGTAC-ACGCAGAG	64944
GATACGCA-GATCGTTT	20997
GATGCAGA-AACCTGAC	39902
GATGCAGA-CAGATTAC	39464
GATTAAAG-ACTAGCCA	71098
GATTAAAG-GTTACGAT	42820
GATTACTT-ATGAAGCA	31811
GATTACTT-CTAGATTG	31569
GATTACTT-GAGAATTG	65073
GATTACTT-GATTGCGA	25145
GATTACTT-TTGGACTT	60769
GATTACTT-TTTACCCT	36238
GATTGGGA-AACACACG	39152
GATTGGGA-AATGTTTG	19592
GATTGGGA-AGTGATGC	52214
GATTTCCC-ATGTTGGC	84194
GATTTCCC-TGGAGGAG	45704
GCAAACTG-CTTCAGGT	52167
GCAAACTG-GGGAACCT	45645
GCAAACTG-TTTACCCT	47562
GCACTCAG-AAGTAATC	21409
GCACTCAG-CCCATAGC	27214
GCACTCAG-CGTACCTA	26617
GCATCGAG-CATCTCCC	22160
GCATCGAG-GCTTACCT	25811
GCCAAAGC-GCCTCTTT	15658
GCCAACAT-CGTGGATA	38063
GCCAACAT-GATCGTTT	25965
GCCAACAT-TGAAATGA	24590
GCCTGGTA-CGCTCTCA	51643
GCCTGGTA-CTATAGAG	22224
GCCTGGTA-GGCTACTA	38081
GCCTTGTG-AGAACGGG	50261
GCCTTGTG-AGCGCGAT	40442
GCGCTGAT-CTCGATGC	48454
GCGCTGAT-GACAAAGG	47118
GCGCTGAT-GTCAATAC	58322
GCGTGCAA-CGCTCTCA	26566
GCGTGCAA-TCTGTGGT	66552
GCGTGCAA-TTGTTTAC	26229
GCTAAGTT-ATTCCTTG	38585
GCTAAGTT-GCGCATTC	50772
GCTAAGTT-TCTCAACC	26463
GCTCGTAG-ACCTTGCC	66268
GGAACGAA-CGTAGAAG	33647
GGAACGAA-CTAGTAAC	21148
GGAACGAA-TCCGTCCA	57617
GGAACGAA-TTGCACGC	52399
GGACTTCT-CCCGACTT	18383
GGAGTAAG-CTTCTGGA	20555
GGATTGTT-CAGTTTGC	38298
GGATTGTT-GCGTTGCT	22005
GGCACTTC-GAATTCGT	36881
GGCCCAAT-GTTTGTTT	25022
GGCGACAA-AAGTAATC	32687
GGCGACAA-CGTCAGCA	39177
GGCGACAA-GACAGATA	29786
GGCGACAA-TTCCGAGT	61851
GGCGACAA-TTGATTCT	30292
GGCTTTGC-AACCCTTG	54214
GGCTTTGC-AGCGAAGT	70085
GGCTTTGC-TGGAGGAG	36653
GGCTTTGC-TTAGGACC	92908
GGGATTAC-AAATGTCG	60698
GGGATTAC-ATTCGACG	45625
GGGCATCA-GCTTACCT	28347
GGGTCATT-TACGTGCT	40171
GGGTCTAG-AGCGAAGT	53084
GGGTCTAG-CTTCTGGA	24620
GGTAAATC-AAACAGGG	44718
GGTAGCCA-CTGTCTGG	19397
GGTAGCCA-TAACTACT	28498
GGTAGCCA-TTTGTGTC	43358
GGTCCTAA-AGCAGAAC	28801
GGTCCTAA-GACGATGG	25661
GGTCCTAA-GGTTTCTC	46864
GGTCCTAA-TGGCCTGT	30898
GGTCTTTC-AGCGCGAT	38104
GGTGTCGA-ATATGCAT	29936
GGTGTCGA-CCTATTCA	34295
GGTGTCGA-CTGTTCTT	24871
GGTTAGGG-AAACTCGA	50388
GGTTAGGG-AAATCAGA	39152
GGTTAGGG-TTCGCTGG	26479
GGTTGAGA-AAACCTCC	18147
GGTTGAGA-AGTGATGC	43819
GGTTGAGA-CTGTCTGG	101810
GGTTGAGA-GAGAGTAT	126962
GTAAACAA-TACAGCCG	18807
GTAAGCCG-AAAGCCTA	25383
GTAAGCCG-AATGACCC	27356
GTAAGCCG-CGATTGAT	92347
GTAAGCCG-GGCGTTAG	19560
GTAATCTG-CGCTAATA	79897
GTACGCTT-CCCAAGCA	77318
GTACGCTT-GATTTACC	17415
GTACGCTT-GCTTTGGC	41734
GTACGGAC-ATGACCGA	49588
GTACGGAC-CAACAAAT	70943
GTACGGAC-CGCTAGTC	17019
GTACGGAC-TACCGGCA	31618
GTATACGT-CGCTCTCA	56126
GTATTGAC-AACACACG	32873
GTCAGACC-TAGCCTCG	32255
GTCAGACC-TTGGATCG	46544
GTCAGGTT-GGATAAAG	40126
GTCCACTA-CGCTCTCA	40146
GTCCACTA-CTTCTGGA	65666
GTCCACTA-GACAAAGG	59151
GTCCGTCA-AGCACCAC	25778
GTCCGTCA-ATACTCTT	74739
GTCCGTCA-CGTGGATA	22306
GTCCGTCA-GGGCCAAT	20973
GTCCTTGC-TAACCATC	21726
GTCCTTGC-TACCAGGC	47846
GTCTAATC-CCATTACT	21310
GTCTAATC-GATGTGAG	38961
GTCTAATC-GATTAGAC	25075
GTCTAATC-GGCCCTTA	77431
GTGAACTC-CAAGAGGG	118550
GTGAACTC-GCCGGATT	27021
GTGAACTC-GTCAAAGA	31313
GTGAACTC-TCGACGGT	24933
GTGAGGCA-ACCCACGA	53426
GTGAGGCA-CAGTTTGC	58023
GTGATAAA-ATCAGCGC	50967
GTGATAAA-CCCAAGCA	31152
GTGATAAA-CGCTCTCA	47077
GTGATAAA-CGTGCTAG	30484
GTGCCCAT-GCTCTAGT	27170
GTGCCCAT-GTGTCGGA	61911
GTGCGAAG-TGGCCTGT	24974
GTGGTGCT-AAGTAATC	30403
GTGGTGCT-GGAGAAGC	84629
GTGTCACC-TGTGGCTA	31248
GTGTCAGG-TCCAGGGA	20297
GTTACTAG-AGAAGTTA	57592
GTTACTAG-CCCTTGGT	94832
GTTACTAG-TGACCCTC	21500
GTTCTGCT-CGAACGTA	29056
GTTCTGCT-TGGCTACC	99905
GTTGTCCG-ATGGGCAC	34934
GTTGTCCG-CGATTGAT	43892
TAAACCGA-GATCGTTT	32047
TAAGGGCC-ACCACGCT	52213
TAAGGGCC-GGTCACAG	30558
TAAGGGCC-GGTCTGAC	23816
TAATCCAT-ATATGCAT	23938
TAATCCAT-CGGAATTT	64021
TAATGTGG-GGGAACGA	33184
TAATGTGG-GTGTAACC	27579
TACCCTGC-AATCGGGT	27011
TACCCTGC-CTAGACCC	27775
TACCCTGC-GAAAGACC	23239
TACCGCTC-CCCATAGC	62870
TACCGCTC-CTGAGTGC	64558
TACCGCTC-CTTCGCAC	21430
TACCGCTC-TCCCAATC	42456
TACCTAAG-AAATCAGA	23849
TACCTAAG-AGGATTCA	19016
TACCTAAG-CTGGTGCA	34710
TACCTAAG-TGACGGAC	61634
TACCTAAG-TGGCTACC	37592
TACCTCCC-AACCTGAC	39276
TACCTCCC-TGGGATTC	23467
TACGCGAG-ACGCCATT	38479
TACGCGAG-CCTATTCA	30203
TACGCGAG-TGTAGTTT	73071
TACGTTCG-TGCCTCAC	35886
TACGTTCG-TTGATCTA	80071
TAGATCAA-CGCTCTCA	20123
TAGATCAA-CTTCAGGT	29366
TAGATCAA-GAAAGACC	21901
TAGCCACA-GCAGTCGA	38435
TAGGCTTT-CGGACAAC	110058
TAGGCTTT-CTTCAGGT	27588
TAGGCTTT-TACCGGCA	45665
TAGGTACG-ATGAAGCA	32033
TAGGTACG-TGAAATGA	51458
TAGTAGCC-TAGTGTTT	79818
TATTAGCG-ACTCACCG	20314
TATTAGCG-CCCTAACC	52979
TATTAGCG-GACAACTT	39067
TATTAGCG-GGTTAGTG	37764
TATTAGCG-TGTGCTCA	52461
TCAGCCTC-TGCAAGGG	125515
TCATACCA-ACACTAAG	17082
TCATAGCT-ACAGCGGA	39254
TCATTTCA-GGCCCTTA	30046
TCATTTCA-TTGGCGTT	43016
TCCAGAAG-GATGTATT	20909
TCCGACAC-GGGAGGTA	120160
TCCGCTGT-GTTACCGC	40071
TCGACTGC-AAACAGGG	53729
TCGACTGC-ACTAGGAT	27706
TCGAGTTT-CCGCAACT	22873
TCGCAATC-AGTGATGC	34731
TCGCAATC-CATCTCCC	21338
TCGCAATC-CGAACGTA	113926
TCGCAATC-GTACACTC	83722
TCGGTCAT-AGCACCAC	104007
TCGGTCAT-GACAGATA	51204
TCGTTCCC-GTGTAACC	28019
TCGTTCCC-TGAGGTCT	45192
TCTAAACT-CTCTTGAC	70414
TCTAAACT-TCGGTTTA	20010
TCTATTCC-AGACACCA	50507
TCTGATTT-AGGAGCTT	24970
TCTGATTT-CCTGACAC	45545
TCTGATTT-GGGCCAAT	44225
TCTGATTT-TGTAGTTT	24812
TCTTTGAC-AAACAGGG	33630
TCTTTGAC-AGTGATGC	38366
TCTTTGAC-CGCTCTCA	96402
TCTTTGAC-CTACGAGC	29348
TCTTTGAC-GGCTACTA	30041
TGAATAGG-AGAGACTA	28283
TGAATAGG-TTATCTGT	42513
TGACGTCG-ACCTTCTT	25418
TGACGTCG-GATCTCGG	41509
TGAGAGCG-CCTATTCA	68229
TGAGAGCG-GAAGTGCC	87673
TGAGCACA-TGCTATTT	84576
TGCACCAG-AGTTTAGA	26742
TGCACCAG-CCTCGTCT	20597
TGCACCAG-GCAGTCGA	41823
TGCCGGTA-GTTAACCA	51863
TGCCGGTA-GTTTGTTT	21360
TGCCGGTA-TGGTTTCT	35856
TGCGACTA-CCCTTGGT	43975
TGCGACTA-CCGTGTTT	34262
TGCGACTA-TGTGCTCA	41538
TGCGACTA-TTCACATA	101690
TGCTGACG-CGTCAGCA	43860
TGCTTCAT-GCAGGGTA	128690
TGCTTGGG-CAACAAAT	69455
TGGACGGA-TTGTTTAC	118717
TGGCTAGT-AATGAATG	22992
TGGGAATT-ATATAGGA	94737
TGGGAATT-GGTCCCTT	30374
TGGGAATT-TTTAACAG	26450
TGGTGTCT-AAACTGGT	29131
TGGTGTCT-ATTCGACG	21617
TGGTTAAC-TGTACACG	50536
TGTTATCA-ACGCAGAG	50886
TGTTATCA-CAAGTCAT	44283
